Orthogroup	Species	Mycoplasma_genitalium_uid97_L43967	Orthologs
OG0000003	Mycoplasma_hyopneumoniae_AE017243	gi|3844927|gb|AAC71569.1|, gi|1046010|gb|AAC71532.1|, gi|3844907|gb|AAC71551.1|	gi|144227478|gb|AAZ44221.2|
OG0000003	Mycoplasma_agalactiae_5632_FP671138	gi|3844927|gb|AAC71569.1|, gi|1046010|gb|AAC71532.1|, gi|3844907|gb|AAC71551.1|	gi|290752414|emb|CBH40385.1|, gi|290752490|emb|CBH40462.1|, gi|290752766|emb|CBH40741.1|, gi|290752270|emb|CBH40241.1|, gi|290752269|emb|CBH40240.1|
OG0000010	Mycoplasma_hyopneumoniae_AE017243	gi|3844741|gb|AAC71366.1|	gi|144227465|gb|AAZ44185.2|
OG0000010	Mycoplasma_agalactiae_5632_FP671138	gi|3844741|gb|AAC71366.1|	gi|290752559|emb|CBH40531.1|, gi|290752737|emb|CBH40712.1|, gi|290752921|emb|CBH40896.1|, gi|290752576|emb|CBH40548.1|
OG0000014	Mycoplasma_hyopneumoniae_AE017243	gi|3844981|gb|AAC71618.1|	gi|144227730|gb|AAZ44708.2|, gi|144227731|gb|AAZ44711.2|, gi|71852101|gb|AAZ44709.1|, gi|144227732|gb|AAZ44712.2|
OG0000015	Mycoplasma_hyopneumoniae_AE017243	gi|3845062|gb|AAC72487.1|, gi|1045740|gb|AAC71283.1|, gi|3845064|gb|AAC72489.1|	gi|144227640|gb|AAZ44535.2|
OG0000015	Mycoplasma_agalactiae_5632_FP671138	gi|3845062|gb|AAC72487.1|, gi|1045740|gb|AAC71283.1|, gi|3845064|gb|AAC72489.1|	gi|290753081|emb|CBH41057.1|
OG0000018	Mycoplasma_hyopneumoniae_AE017243	gi|3844657|gb|AAC71272.1|, gi|3844902|gb|AAC71547.1|	gi|71852133|gb|AAZ44741.1|
OG0000018	Mycoplasma_agalactiae_5632_FP671138	gi|3844657|gb|AAC71272.1|	gi|290752307|emb|CBH40278.1|
OG0000018	Mycoplasma_agalactiae_5632_FP671138	gi|3844902|gb|AAC71547.1|	gi|290752458|emb|CBH40430.1|
OG0000020	Mycoplasma_hyopneumoniae_AE017243	gi|3844781|gb|AAC71404.1|, gi|3844856|gb|AAC71481.1|	gi|144227597|gb|AAZ44450.2|, gi|144227598|gb|AAZ44451.2|
OG0000020	Mycoplasma_agalactiae_5632_FP671138	gi|3844781|gb|AAC71404.1|, gi|3844856|gb|AAC71481.1|	gi|290752785|emb|CBH40760.1|
OG0000021	Mycoplasma_hyopneumoniae_AE017243	gi|84626152|gb|AAC71218.2|, gi|3844628|gb|AAC71235.1|, gi|3844797|gb|AAC71418.1|	gi|71851550|gb|AAZ44158.1|
OG0000021	Mycoplasma_agalactiae_5632_FP671138	gi|84626152|gb|AAC71218.2|, gi|3844628|gb|AAC71235.1|, gi|3844797|gb|AAC71418.1|	gi|290753066|emb|CBH41042.1|
OG0000025	Mycoplasma_agalactiae_5632_FP671138	gi|1045684|gb|AAC71231.1|	gi|290752893|emb|CBH40868.1|
OG0000025	Mycoplasma_agalactiae_5632_FP671138	gi|1045683|gb|AAC71230.1|	gi|290752894|emb|CBH40869.1|
OG0000026	Mycoplasma_hyopneumoniae_AE017243	gi|3844882|gb|AAC71525.1|, gi|3844776|gb|AAC71399.1|	gi|71851739|gb|AAZ44347.1|
OG0000026	Mycoplasma_agalactiae_5632_FP671138	gi|3844882|gb|AAC71525.1|, gi|3844776|gb|AAC71399.1|	gi|290752801|emb|CBH40776.1|
OG0000028	Mycoplasma_hyopneumoniae_AE017243	gi|3844716|gb|AAC71343.1|	gi|71851960|gb|AAZ44568.1|
OG0000028	Mycoplasma_agalactiae_5632_FP671138	gi|3844716|gb|AAC71343.1|	gi|290752793|emb|CBH40768.1|, gi|290753013|emb|CBH40989.1|
OG0000029	Mycoplasma_hyopneumoniae_AE017243	gi|3844859|gb|AAC71485.1|, gi|3844861|gb|AAC71487.1|	gi|144227627|gb|AAZ44519.2|
OG0000029	Mycoplasma_agalactiae_5632_FP671138	gi|3844859|gb|AAC71485.1|, gi|3844861|gb|AAC71487.1|	gi|290752964|emb|CBH40939.1|
OG0000030	Mycoplasma_hyopneumoniae_AE017243	gi|3845066|gb|AAC72490.1|	gi|144227417|gb|AAZ44095.2|
OG0000030	Mycoplasma_agalactiae_5632_FP671138	gi|3845066|gb|AAC72490.1|	gi|290752267|emb|CBH40238.1|, gi|290752987|emb|CBH40963.1|
OG0000031	Mycoplasma_hyopneumoniae_AE017243	gi|3844878|gb|AAC71521.1|	gi|71851984|gb|AAZ44592.1|
OG0000031	Mycoplasma_agalactiae_5632_FP671138	gi|3844878|gb|AAC71521.1|	gi|290752403|emb|CBH40374.1|, gi|290752774|emb|CBH40749.1|
OG0000032	Mycoplasma_hyopneumoniae_AE017243	gi|3844701|gb|AAC71330.1|	gi|71852038|gb|AAZ44646.1|, gi|144227490|gb|AAZ44238.2|
OG0000032	Mycoplasma_agalactiae_5632_FP671138	gi|3844701|gb|AAC71330.1|	gi|290752471|emb|CBH40443.1|
OG0000041	Mycoplasma_hyopneumoniae_AE017243	gi|3845041|gb|AAC72468.1|, gi|3845001|gb|AAC71636.1|	gi|71852008|gb|AAZ44616.1|
OG0000041	Mycoplasma_agalactiae_5632_FP671138	gi|3845041|gb|AAC72468.1|, gi|3845001|gb|AAC71636.1|	gi|290752594|emb|CBH40566.1|
OG0000042	Mycoplasma_hyopneumoniae_AE017243	gi|84626160|gb|AAC71265.2|	gi|71851566|gb|AAZ44174.1|
OG0000042	Mycoplasma_agalactiae_5632_FP671138	gi|84626160|gb|AAC71265.2|	gi|290752681|emb|CBH40654.1|, gi|290752794|emb|CBH40769.1|
OG0000044	Mycoplasma_hyopneumoniae_AE017243	gi|3844777|gb|AAC71400.1|, gi|3844881|gb|AAC71524.1|	gi|71851740|gb|AAZ44348.1|
OG0000044	Mycoplasma_agalactiae_5632_FP671138	gi|3844777|gb|AAC71400.1|, gi|3844881|gb|AAC71524.1|	gi|290752800|emb|CBH40775.1|
OG0000046	Mycoplasma_hyopneumoniae_AE017243	gi|3844662|gb|AAC71282.1|, gi|3845063|gb|AAC72488.1|	gi|144227641|gb|AAZ44536.2|
OG0000046	Mycoplasma_agalactiae_5632_FP671138	gi|3844662|gb|AAC71282.1|, gi|3845063|gb|AAC72488.1|	gi|290753082|emb|CBH41058.1|
OG0000051	Mycoplasma_agalactiae_5632_FP671138	gi|3844775|gb|AAC71398.1|	gi|290752802|emb|CBH40777.1|
OG0000051	Mycoplasma_hyopneumoniae_AE017243	gi|3844775|gb|AAC71398.1|	gi|71851738|gb|AAZ44346.1|
OG0000052	Mycoplasma_hyopneumoniae_AE017243	gi|3844709|gb|AAC71337.1|	gi|144227723|gb|AAZ44691.2|
OG0000052	Mycoplasma_agalactiae_5632_FP671138	gi|3844709|gb|AAC71337.1|	gi|290752280|emb|CBH40251.1|
OG0000053	Mycoplasma_agalactiae_5632_FP671138	gi|1045987|gb|AAC71511.1|	gi|290752526|emb|CBH40498.1|
OG0000053	Mycoplasma_hyopneumoniae_AE017243	gi|1045987|gb|AAC71511.1|	gi|71851837|gb|AAZ44445.1|
OG0000054	Mycoplasma_agalactiae_5632_FP671138	gi|1045756|gb|AAC71297.1|	gi|290752372|emb|CBH40343.1|
OG0000054	Mycoplasma_hyopneumoniae_AE017243	gi|1045756|gb|AAC71297.1|	gi|71851977|gb|AAZ44585.1|
OG0000055	Mycoplasma_hyopneumoniae_AE017243	gi|1045757|gb|AAC71298.1|	gi|144227665|gb|AAZ44584.2|
OG0000055	Mycoplasma_agalactiae_5632_FP671138	gi|1045757|gb|AAC71298.1|	gi|290752373|emb|CBH40344.1|
OG0000057	Mycoplasma_hyopneumoniae_AE017243	gi|3844914|gb|AAC71558.1|	gi|144227637|gb|AAZ44532.2|
OG0000057	Mycoplasma_agalactiae_5632_FP671138	gi|3844914|gb|AAC71558.1|	gi|290752406|emb|CBH40377.1|
OG0000058	Mycoplasma_hyopneumoniae_AE017243	gi|3845035|gb|AAC72462.1|	gi|71851569|gb|AAZ44177.1|
OG0000058	Mycoplasma_agalactiae_5632_FP671138	gi|3845035|gb|AAC72462.1|	gi|290752354|emb|CBH40325.1|
OG0000059	Mycoplasma_agalactiae_5632_FP671138	gi|3844976|gb|AAC71614.1|	gi|290752383|emb|CBH40354.1|
OG0000059	Mycoplasma_hyopneumoniae_AE017243	gi|3844976|gb|AAC71614.1|	gi|71851635|gb|AAZ44243.1|
OG0000060	Mycoplasma_agalactiae_5632_FP671138	gi|3844909|gb|AAC71553.1|	gi|290753061|emb|CBH41037.1|
OG0000060	Mycoplasma_hyopneumoniae_AE017243	gi|3844909|gb|AAC71553.1|	gi|144227450|gb|AAZ44160.2|
OG0000061	Mycoplasma_agalactiae_5632_FP671138	gi|3844651|gb|AAC71258.1|	gi|290752391|emb|CBH40362.1|
OG0000061	Mycoplasma_hyopneumoniae_AE017243	gi|3844651|gb|AAC71258.1|	gi|71852022|gb|AAZ44630.1|
OG0000062	Mycoplasma_hyopneumoniae_AE017243	gi|3844784|gb|AAC71406.1|	gi|144227599|gb|AAZ44453.2|
OG0000062	Mycoplasma_agalactiae_5632_FP671138	gi|3844784|gb|AAC71406.1|	gi|290752787|emb|CBH40762.1|
OG0000063	Mycoplasma_hyopneumoniae_AE017243	gi|3844652|gb|AAC71259.1|	gi|144227687|gb|AAZ44629.2|
OG0000063	Mycoplasma_agalactiae_5632_FP671138	gi|3844652|gb|AAC71259.1|	gi|290752392|emb|CBH40363.1|
OG0000064	Mycoplasma_hyopneumoniae_AE017243	gi|3844653|gb|AAC71260.1|	gi|71852020|gb|AAZ44628.1|
OG0000064	Mycoplasma_agalactiae_5632_FP671138	gi|3844653|gb|AAC71260.1|	gi|290752393|emb|CBH40364.1|
OG0000065	Mycoplasma_agalactiae_5632_FP671138	gi|3844801|gb|AAC71421.1|	gi|290752440|emb|CBH40411.1|
OG0000065	Mycoplasma_hyopneumoniae_AE017243	gi|3844801|gb|AAC71421.1|	gi|71851516|gb|AAZ44124.1|
OG0000066	Mycoplasma_hyopneumoniae_AE017243	gi|1045671|gb|AAC71219.1|	gi|71851590|gb|AAZ44198.1|
OG0000066	Mycoplasma_agalactiae_5632_FP671138	gi|1045671|gb|AAC71219.1|	gi|290753075|emb|CBH41051.1|
OG0000067	Mycoplasma_hyopneumoniae_AE017243	gi|3844802|gb|AAC71422.1|	gi|71851515|gb|AAZ44123.1|
OG0000067	Mycoplasma_agalactiae_5632_FP671138	gi|3844802|gb|AAC71422.1|	gi|290752441|emb|CBH40412.1|
OG0000068	Mycoplasma_hyopneumoniae_AE017243	gi|1045672|gb|AAC71220.1|	gi|144227680|gb|AAZ44615.2|
OG0000068	Mycoplasma_agalactiae_5632_FP671138	gi|1045672|gb|AAC71220.1|	gi|290752858|emb|CBH40833.1|
OG0000069	Mycoplasma_hyopneumoniae_AE017243	gi|3844959|gb|AAC71598.1|	gi|71851491|gb|AAZ44099.1|
OG0000069	Mycoplasma_agalactiae_5632_FP671138	gi|3844959|gb|AAC71598.1|	gi|290752704|emb|CBH40678.1|
OG0000070	Mycoplasma_agalactiae_5632_FP671138	gi|84626159|gb|AAC71409.2|	gi|290752705|emb|CBH40679.1|
OG0000070	Mycoplasma_hyopneumoniae_AE017243	gi|84626159|gb|AAC71409.2|	gi|144227420|gb|AAZ44100.2|
OG0000071	Mycoplasma_hyopneumoniae_AE017243	gi|3844958|gb|AAC71597.1|	gi|71851501|gb|AAZ44109.1|
OG0000071	Mycoplasma_agalactiae_5632_FP671138	gi|3844958|gb|AAC71597.1|	gi|290753056|emb|CBH41032.1|
OG0000072	Mycoplasma_hyopneumoniae_AE017243	gi|3844807|gb|AAC71427.1|	gi|144227643|gb|AAZ44541.2|
OG0000072	Mycoplasma_agalactiae_5632_FP671138	gi|3844807|gb|AAC71427.1|	gi|290752997|emb|CBH40973.1|
OG0000073	Mycoplasma_agalactiae_5632_FP671138	gi|3844731|gb|AAC71357.1|	gi|290753049|emb|CBH41025.1|
OG0000073	Mycoplasma_hyopneumoniae_AE017243	gi|3844731|gb|AAC71357.1|	gi|144227463|gb|AAZ44183.2|
OG0000074	Mycoplasma_agalactiae_5632_FP671138	gi|3845013|gb|AAC71647.1|	gi|290753003|emb|CBH40979.1|
OG0000074	Mycoplasma_hyopneumoniae_AE017243	gi|3845013|gb|AAC71647.1|	gi|144227422|gb|AAZ44103.2|
OG0000075	Mycoplasma_hyopneumoniae_AE017243	gi|1045675|gb|AAC71223.1|	gi|144227538|gb|AAZ44343.2|
OG0000075	Mycoplasma_agalactiae_5632_FP671138	gi|1045675|gb|AAC71223.1|	gi|290753006|emb|CBH40982.1|
OG0000076	Mycoplasma_agalactiae_5632_FP671138	gi|84626167|gb|AAC71650.2|	gi|290753010|emb|CBH40986.1|
OG0000076	Mycoplasma_hyopneumoniae_AE017243	gi|84626167|gb|AAC71650.2|	gi|144227535|gb|AAZ44339.2|
OG0000078	Mycoplasma_agalactiae_5632_FP671138	gi|3844940|gb|AAC71581.1|	gi|290752764|emb|CBH40739.1|
OG0000078	Mycoplasma_hyopneumoniae_AE017243	gi|3844940|gb|AAC71581.1|	gi|71852056|gb|AAZ44664.1|
OG0000079	Mycoplasma_agalactiae_5632_FP671138	gi|3844710|gb|AAC71338.1|	gi|290752281|emb|CBH40252.1|
OG0000079	Mycoplasma_hyopneumoniae_AE017243	gi|3844710|gb|AAC71338.1|	gi|71852084|gb|AAZ44692.1|
OG0000080	Mycoplasma_hyopneumoniae_AE017243	gi|3844711|gb|AAC71339.1|	gi|144227724|gb|AAZ44693.2|
OG0000080	Mycoplasma_agalactiae_5632_FP671138	gi|3844711|gb|AAC71339.1|	gi|290752282|emb|CBH40253.1|
OG0000081	Mycoplasma_agalactiae_5632_FP671138	gi|3844864|gb|AAC71490.1|	gi|290752284|emb|CBH40255.1|, gi|290752283|emb|CBH40254.1|
OG0000083	Mycoplasma_hyopneumoniae_AE017243	gi|3844851|gb|AAC71473.1|	gi|144227739|gb|AAZ44724.2|
OG0000083	Mycoplasma_agalactiae_5632_FP671138	gi|3844851|gb|AAC71473.1|	gi|290752304|emb|CBH40275.1|
OG0000084	Mycoplasma_hyopneumoniae_AE017243	gi|3844850|gb|AAC71472.1|	gi|71852115|gb|AAZ44723.1|
OG0000084	Mycoplasma_agalactiae_5632_FP671138	gi|3844850|gb|AAC71472.1|	gi|290752305|emb|CBH40276.1|
OG0000085	Mycoplasma_hyopneumoniae_AE017243	gi|1045727|gb|AAC71270.1|	gi|71852112|gb|AAZ44720.1|
OG0000085	Mycoplasma_agalactiae_5632_FP671138	gi|1045727|gb|AAC71270.1|	gi|290752309|emb|CBH40280.1|
OG0000086	Mycoplasma_agalactiae_5632_FP671138	gi|3845027|gb|AAC72455.1|	gi|290752311|emb|CBH40282.1|
OG0000086	Mycoplasma_hyopneumoniae_AE017243	gi|3845027|gb|AAC72455.1|	gi|71852014|gb|AAZ44622.1|
OG0000087	Mycoplasma_agalactiae_5632_FP671138	gi|3845028|gb|AAC72456.1|	gi|290752312|emb|CBH40283.1|
OG0000087	Mycoplasma_hyopneumoniae_AE017243	gi|3845028|gb|AAC72456.1|	gi|144227682|gb|AAZ44621.2|
OG0000088	Mycoplasma_agalactiae_5632_FP671138	gi|3845058|gb|AAC72483.1|	gi|290752316|emb|CBH40287.1|
OG0000088	Mycoplasma_hyopneumoniae_AE017243	gi|3845058|gb|AAC72483.1|	gi|144227742|gb|AAZ44735.2|
OG0000089	Mycoplasma_agalactiae_5632_FP671138	gi|1045677|gb|AAC71225.1|	gi|290752317|emb|CBH40288.1|
OG0000089	Mycoplasma_hyopneumoniae_AE017243	gi|1045677|gb|AAC71225.1|	gi|144227743|gb|AAZ44736.2|
OG0000090	Mycoplasma_agalactiae_5632_FP671138	gi|1045676|gb|AAC71224.1|	gi|290752318|emb|CBH40289.1|
OG0000090	Mycoplasma_hyopneumoniae_AE017243	gi|1045676|gb|AAC71224.1|	gi|71851688|gb|AAZ44296.1|
OG0000091	Mycoplasma_hyopneumoniae_AE017243	gi|3844880|gb|AAC71523.1|	gi|71851517|gb|AAZ44125.1|
OG0000091	Mycoplasma_agalactiae_5632_FP671138	gi|3844880|gb|AAC71523.1|	gi|290752320|emb|CBH40291.1|
OG0000092	Mycoplasma_agalactiae_5632_FP671138	gi|1045673|gb|AAC71221.1|	gi|290752321|emb|CBH40292.1|
OG0000092	Mycoplasma_hyopneumoniae_AE017243	gi|1045673|gb|AAC71221.1|	gi|144227531|gb|AAZ44334.2|
OG0000093	Mycoplasma_agalactiae_5632_FP671138	gi|3845061|gb|AAC72486.1|	gi|290752323|emb|CBH40294.1|
OG0000093	Mycoplasma_hyopneumoniae_AE017243	gi|3845061|gb|AAC72486.1|	gi|71852151|gb|AAZ44759.1|
OG0000094	Mycoplasma_agalactiae_5632_FP671138	gi|3845059|gb|AAC72484.1|	gi|290752325|emb|CBH40296.1|
OG0000094	Mycoplasma_hyopneumoniae_AE017243	gi|3845059|gb|AAC72484.1|	gi|71852149|gb|AAZ44757.1|
OG0000095	Mycoplasma_hyopneumoniae_AE017243	gi|1045964|gb|AAC71492.1|	gi|144227533|gb|AAZ44337.2|
OG0000095	Mycoplasma_agalactiae_5632_FP671138	gi|1045964|gb|AAC71492.1|	gi|290752326|emb|CBH40297.1|
OG0000097	Mycoplasma_agalactiae_5632_FP671138	gi|3844641|gb|AAC71247.1|	gi|290752330|emb|CBH40301.1|
OG0000097	Mycoplasma_hyopneumoniae_AE017243	gi|3844641|gb|AAC71247.1|	gi|71852011|gb|AAZ44619.1|
OG0000098	Mycoplasma_agalactiae_5632_FP671138	gi|3844791|gb|AAC71412.1|	gi|290752332|emb|CBH40303.1|
OG0000098	Mycoplasma_hyopneumoniae_AE017243	gi|3844791|gb|AAC71412.1|	gi|144227545|gb|AAZ44356.2|
OG0000099	Mycoplasma_agalactiae_5632_FP671138	gi|3844685|gb|AAC71315.1|	gi|290752333|emb|CBH40304.1|
OG0000099	Mycoplasma_hyopneumoniae_AE017243	gi|3844685|gb|AAC71315.1|	gi|144227477|gb|AAZ44218.2|
OG0000100	Mycoplasma_hyopneumoniae_AE017243	gi|3844792|gb|AAC71413.1|	gi|71851749|gb|AAZ44357.1|
OG0000100	Mycoplasma_agalactiae_5632_FP671138	gi|3844792|gb|AAC71413.1|	gi|290752334|emb|CBH40305.1|
OG0000101	Mycoplasma_agalactiae_5632_FP671138	gi|3844985|gb|AAC71622.1|	gi|290752335|emb|CBH40306.1|
OG0000101	Mycoplasma_hyopneumoniae_AE017243	gi|3844985|gb|AAC71622.1|	gi|71851701|gb|AAZ44309.1|
OG0000102	Mycoplasma_agalactiae_5632_FP671138	gi|3844918|gb|AAC71561.1|	gi|290752337|emb|CBH40308.1|
OG0000102	Mycoplasma_hyopneumoniae_AE017243	gi|3844918|gb|AAC71561.1|	gi|71851643|gb|AAZ44251.1|
OG0000103	Mycoplasma_hyopneumoniae_AE017243	gi|3844944|gb|AAC71585.1|	gi|144227440|gb|AAZ44135.2|
OG0000103	Mycoplasma_agalactiae_5632_FP671138	gi|3844944|gb|AAC71585.1|	gi|290752339|emb|CBH40310.1|
OG0000104	Mycoplasma_agalactiae_5632_FP671138	gi|84626151|gb|AAC71461.2|	gi|290752340|emb|CBH40311.1|
OG0000104	Mycoplasma_hyopneumoniae_AE017243	gi|84626151|gb|AAC71461.2|	gi|144227652|gb|AAZ44559.2|
OG0000105	Mycoplasma_agalactiae_5632_FP671138	gi|3844632|gb|AAC71239.1|	gi|290752344|emb|CBH40315.1|
OG0000105	Mycoplasma_hyopneumoniae_AE017243	gi|3844632|gb|AAC71239.1|	gi|71851500|gb|AAZ44108.1|
OG0000106	Mycoplasma_hyopneumoniae_AE017243	gi|3844668|gb|AAC71299.1|	gi|71851935|gb|AAZ44543.1|
OG0000106	Mycoplasma_agalactiae_5632_FP671138	gi|3844668|gb|AAC71299.1|	gi|290752346|emb|CBH40317.1|
OG0000107	Mycoplasma_hyopneumoniae_AE017243	gi|3844669|gb|AAC71300.1|	gi|71851934|gb|AAZ44542.1|
OG0000107	Mycoplasma_agalactiae_5632_FP671138	gi|3844669|gb|AAC71300.1|	gi|290752347|emb|CBH40318.1|
OG0000108	Mycoplasma_hyopneumoniae_AE017243	gi|3844929|gb|AAC71571.1|	gi|144227485|gb|AAZ44230.2|
OG0000108	Mycoplasma_agalactiae_5632_FP671138	gi|3844929|gb|AAC71571.1|	gi|290752351|emb|CBH40322.1|
OG0000109	Mycoplasma_agalactiae_5632_FP671138	gi|3844673|gb|AAC71304.1|	gi|290752357|emb|CBH40328.1|
OG0000109	Mycoplasma_hyopneumoniae_AE017243	gi|3844673|gb|AAC71304.1|	gi|144227467|gb|AAZ44188.2|
OG0000110	Mycoplasma_agalactiae_5632_FP671138	gi|3844690|gb|AAC71320.1|	gi|290752358|emb|CBH40329.1|
OG0000110	Mycoplasma_hyopneumoniae_AE017243	gi|3844690|gb|AAC71320.1|	gi|71851581|gb|AAZ44189.1|
OG0000111	Mycoplasma_hyopneumoniae_AE017243	gi|3844867|gb|AAC71496.1|	gi|71851595|gb|AAZ44203.1|
OG0000111	Mycoplasma_agalactiae_5632_FP671138	gi|3844867|gb|AAC71496.1|	gi|290752360|emb|CBH40331.1|
OG0000112	Mycoplasma_hyopneumoniae_AE017243	gi|3844866|gb|AAC71495.1|	gi|71851596|gb|AAZ44204.1|
OG0000112	Mycoplasma_agalactiae_5632_FP671138	gi|3844866|gb|AAC71495.1|	gi|290752361|emb|CBH40332.1|
OG0000113	Mycoplasma_agalactiae_5632_FP671138	gi|1045966|gb|AAC71494.1|	gi|290752363|emb|CBH40334.1|
OG0000113	Mycoplasma_hyopneumoniae_AE017243	gi|1045966|gb|AAC71494.1|	gi|71851981|gb|AAZ44589.1|
OG0000114	Mycoplasma_hyopneumoniae_AE017243	gi|1045965|gb|AAC71493.1|	gi|71851982|gb|AAZ44590.1|
OG0000114	Mycoplasma_agalactiae_5632_FP671138	gi|1045965|gb|AAC71493.1|	gi|290752364|emb|CBH40335.1|
OG0000115	Mycoplasma_hyopneumoniae_AE017243	gi|3845019|gb|AAC72447.1|	gi|71851602|gb|AAZ44210.1|
OG0000115	Mycoplasma_agalactiae_5632_FP671138	gi|3845019|gb|AAC72447.1|	gi|290752365|emb|CBH40336.1|
OG0000116	Mycoplasma_agalactiae_5632_FP671138	gi|3844639|gb|AAC71245.1|	gi|290752366|emb|CBH40337.1|
OG0000116	Mycoplasma_hyopneumoniae_AE017243	gi|3844639|gb|AAC71245.1|	gi|144227532|gb|AAZ44335.2|
OG0000117	Mycoplasma_hyopneumoniae_AE017243	gi|1045754|gb|AAC71295.1|	gi|144227666|gb|AAZ44587.2|
OG0000117	Mycoplasma_agalactiae_5632_FP671138	gi|1045754|gb|AAC71295.1|	gi|290752370|emb|CBH40341.1|
OG0000118	Mycoplasma_hyopneumoniae_AE017243	gi|1045755|gb|AAC71296.1|	gi|71851978|gb|AAZ44586.1|
OG0000118	Mycoplasma_agalactiae_5632_FP671138	gi|1045755|gb|AAC71296.1|	gi|290752371|emb|CBH40342.1|
OG0000119	Mycoplasma_agalactiae_5632_FP671138	gi|3845025|gb|AAC72453.1|, gi|3845036|gb|AAC72463.1|	gi|290752376|emb|CBH40347.1|
OG0000120	Mycoplasma_agalactiae_5632_FP671138	gi|3844988|gb|AAC71624.1|	gi|290752378|emb|CBH40349.1|
OG0000120	Mycoplasma_hyopneumoniae_AE017243	gi|3844988|gb|AAC71624.1|	gi|71852054|gb|AAZ44662.1|
OG0000121	Mycoplasma_hyopneumoniae_AE017243	gi|84626130|gb|AAC71615.2|	gi|71851637|gb|AAZ44245.1|
OG0000121	Mycoplasma_agalactiae_5632_FP671138	gi|84626130|gb|AAC71615.2|	gi|290752381|emb|CBH40352.1|
OG0000122	Mycoplasma_hyopneumoniae_AE017243	gi|1045725|gb|AAC71268.1|	gi|71851636|gb|AAZ44244.1|
OG0000122	Mycoplasma_agalactiae_5632_FP671138	gi|1045725|gb|AAC71268.1|	gi|290752382|emb|CBH40353.1|
OG0000123	Mycoplasma_agalactiae_5632_FP671138	gi|3844901|gb|AAC71546.1|	gi|290752384|emb|CBH40355.1|
OG0000123	Mycoplasma_hyopneumoniae_AE017243	gi|3844901|gb|AAC71546.1|	gi|71852134|gb|AAZ44742.1|
OG0000124	Mycoplasma_hyopneumoniae_AE017243	gi|1045979|gb|AAC71505.1|	gi|71851861|gb|AAZ44469.1|
OG0000124	Mycoplasma_agalactiae_5632_FP671138	gi|1045979|gb|AAC71505.1|	gi|290752385|emb|CBH40356.1|
OG0000125	Mycoplasma_hyopneumoniae_AE017243	gi|3844779|gb|AAC71402.1|	gi|144227677|gb|AAZ44608.2|
OG0000125	Mycoplasma_agalactiae_5632_FP671138	gi|3844779|gb|AAC71402.1|	gi|290752390|emb|CBH40361.1|
OG0000126	Mycoplasma_agalactiae_5632_FP671138	gi|3844949|gb|AAC71589.1|	gi|290752395|emb|CBH40366.1|
OG0000126	Mycoplasma_hyopneumoniae_AE017243	gi|3844949|gb|AAC71589.1|	gi|71851750|gb|AAZ44358.1|
OG0000127	Mycoplasma_hyopneumoniae_AE017243	gi|3844913|gb|AAC71557.1|	gi|71852146|gb|AAZ44754.1|
OG0000127	Mycoplasma_agalactiae_5632_FP671138	gi|3844913|gb|AAC71557.1|	gi|290752401|emb|CBH40372.1|
OG0000128	Mycoplasma_hyopneumoniae_AE017243	gi|3844941|gb|AAC71582.1|	gi|71851983|gb|AAZ44591.1|
OG0000128	Mycoplasma_agalactiae_5632_FP671138	gi|3844941|gb|AAC71582.1|	gi|290752404|emb|CBH40375.1|
OG0000129	Mycoplasma_agalactiae_5632_FP671138	gi|3844816|gb|AAC71435.1|	gi|290752408|emb|CBH40379.1|
OG0000129	Mycoplasma_hyopneumoniae_AE017243	gi|3844816|gb|AAC71435.1|	gi|71851606|gb|AAZ44214.1|
OG0000130	Mycoplasma_hyopneumoniae_AE017243	gi|1046004|gb|AAC71527.1|	gi|71851549|gb|AAZ44157.1|
OG0000130	Mycoplasma_agalactiae_5632_FP671138	gi|1046004|gb|AAC71527.1|	gi|290752410|emb|CBH40381.1|
OG0000133	Mycoplasma_agalactiae_5632_FP671138	gi|3844842|gb|AAC71459.1|	gi|290752420|emb|CBH40391.1|
OG0000133	Mycoplasma_hyopneumoniae_AE017243	gi|3844842|gb|AAC71459.1|	gi|144227488|gb|AAZ44236.2|
OG0000135	Mycoplasma_hyopneumoniae_AE017243	gi|1045955|gb|AAC71483.1|	gi|71852058|gb|AAZ44666.1|
OG0000135	Mycoplasma_agalactiae_5632_FP671138	gi|1045955|gb|AAC71483.1|	gi|290752426|emb|CBH40397.1|
OG0000136	Mycoplasma_hyopneumoniae_AE017243	gi|1045954|gb|AAC71482.1|	gi|71852059|gb|AAZ44667.1|
OG0000136	Mycoplasma_agalactiae_5632_FP671138	gi|1045954|gb|AAC71482.1|	gi|290752427|emb|CBH40398.1|
OG0000137	Mycoplasma_agalactiae_5632_FP671138	gi|3844967|gb|AAC71606.1|	gi|290752433|emb|CBH40404.1|
OG0000137	Mycoplasma_hyopneumoniae_AE017243	gi|3844967|gb|AAC71606.1|	gi|144227418|gb|AAZ44097.2|
OG0000138	Mycoplasma_hyopneumoniae_AE017243	gi|3844968|gb|AAC71607.1|	gi|71852130|gb|AAZ44738.1|
OG0000138	Mycoplasma_agalactiae_5632_FP671138	gi|3844968|gb|AAC71607.1|	gi|290752445|emb|CBH40416.1|
OG0000139	Mycoplasma_agalactiae_5632_FP671138	gi|84626144|gb|AAC71275.2|	gi|290752446|emb|CBH40417.1|
OG0000139	Mycoplasma_hyopneumoniae_AE017243	gi|84626144|gb|AAC71275.2|	gi|144227744|gb|AAZ44737.2|
OG0000140	Mycoplasma_agalactiae_5632_FP671138	gi|1045741|gb|AAC71284.1|	gi|290752450|emb|CBH40422.1|
OG0000140	Mycoplasma_hyopneumoniae_AE017243	gi|1045741|gb|AAC71284.1|	gi|71851904|gb|AAZ44512.1|
OG0000141	Mycoplasma_agalactiae_5632_FP671138	gi|3844935|gb|AAC71576.1|	gi|290752451|emb|CBH40423.1|
OG0000141	Mycoplasma_hyopneumoniae_AE017243	gi|3844935|gb|AAC71576.1|	gi|71852081|gb|AAZ44689.1|
OG0000142	Mycoplasma_hyopneumoniae_AE017243	gi|3844722|gb|AAC71349.1|	gi|71851829|gb|AAZ44437.1|
OG0000142	Mycoplasma_agalactiae_5632_FP671138	gi|3844722|gb|AAC71349.1|	gi|290752456|emb|CBH40428.1|
OG0000143	Mycoplasma_hyopneumoniae_AE017243	gi|1045995|gb|AAC71519.1|	gi|71851494|gb|AAZ44102.1|
OG0000143	Mycoplasma_agalactiae_5632_FP671138	gi|1045995|gb|AAC71519.1|	gi|290752461|emb|CBH40433.1|
OG0000144	Mycoplasma_hyopneumoniae_AE017243	gi|3844630|gb|AAC71237.1|	gi|71851887|gb|AAZ44495.1|
OG0000144	Mycoplasma_agalactiae_5632_FP671138	gi|3844630|gb|AAC71237.1|	gi|290752463|emb|CBH40435.1|
OG0000145	Mycoplasma_agalactiae_5632_FP671138	gi|3844693|gb|AAC71322.1|	gi|290752465|emb|CBH40437.1|
OG0000145	Mycoplasma_hyopneumoniae_AE017243	gi|3844693|gb|AAC71322.1|	gi|144227433|gb|AAZ44127.2|
OG0000146	Mycoplasma_agalactiae_5632_FP671138	gi|3844696|gb|AAC71325.1|	gi|290752467|emb|CBH40439.1|
OG0000146	Mycoplasma_hyopneumoniae_AE017243	gi|3844696|gb|AAC71325.1|	gi|71851632|gb|AAZ44240.1|
OG0000147	Mycoplasma_agalactiae_5632_FP671138	gi|3844699|gb|AAC71328.1|	gi|290752470|emb|CBH40442.1|
OG0000147	Mycoplasma_hyopneumoniae_AE017243	gi|3844699|gb|AAC71328.1|	gi|71851631|gb|AAZ44239.1|
OG0000149	Mycoplasma_hyopneumoniae_AE017243	gi|84626124|gb|AAC71570.2|	gi|144227432|gb|AAZ44122.2|
OG0000149	Mycoplasma_agalactiae_5632_FP671138	gi|84626124|gb|AAC71570.2|	gi|290752480|emb|CBH40452.1|
OG0000150	Mycoplasma_hyopneumoniae_AE017243	gi|84626136|gb|AAC71583.2|	gi|71851896|gb|AAZ44504.1|
OG0000150	Mycoplasma_agalactiae_5632_FP671138	gi|84626136|gb|AAC71583.2|	gi|290752483|emb|CBH40455.1|
OG0000151	Mycoplasma_agalactiae_5632_FP671138	gi|3844943|gb|AAC71584.1|	gi|290752484|emb|CBH40456.1|
OG0000151	Mycoplasma_hyopneumoniae_AE017243	gi|3844943|gb|AAC71584.1|	gi|144227620|gb|AAZ44505.2|
OG0000152	Mycoplasma_agalactiae_5632_FP671138	gi|1045972|gb|AAC71499.1|	gi|290752485|emb|CBH40457.1|
OG0000152	Mycoplasma_hyopneumoniae_AE017243	gi|1045972|gb|AAC71499.1|	gi|71851716|gb|AAZ44324.1|
OG0000153	Mycoplasma_hyopneumoniae_AE017243	gi|3845014|gb|AAC71648.1|	gi|71851586|gb|AAZ44194.1|
OG0000153	Mycoplasma_agalactiae_5632_FP671138	gi|3845014|gb|AAC71648.1|	gi|290752489|emb|CBH40461.1|
OG0000157	Mycoplasma_hyopneumoniae_AE017243	gi|3844680|gb|AAC71311.1|	gi|71852120|gb|AAZ44728.1|
OG0000157	Mycoplasma_agalactiae_5632_FP671138	gi|3844680|gb|AAC71311.1|	gi|290752497|emb|CBH40469.1|
OG0000158	Mycoplasma_agalactiae_5632_FP671138	gi|84626146|gb|AAC71312.2|	gi|290752498|emb|CBH40470.1|
OG0000158	Mycoplasma_hyopneumoniae_AE017243	gi|84626146|gb|AAC71312.2|	gi|71852119|gb|AAZ44727.1|
OG0000159	Mycoplasma_agalactiae_5632_FP671138	gi|3844739|gb|AAC71364.1|	gi|290752499|emb|CBH40471.1|
OG0000159	Mycoplasma_hyopneumoniae_AE017243	gi|3844739|gb|AAC71364.1|	gi|71852118|gb|AAZ44726.1|
OG0000160	Mycoplasma_hyopneumoniae_AE017243	gi|1045746|gb|AAC71288.1|	gi|144227445|gb|AAZ44145.2|
OG0000160	Mycoplasma_agalactiae_5632_FP671138	gi|1045746|gb|AAC71288.1|	gi|290752515|emb|CBH40487.1|
OG0000161	Mycoplasma_hyopneumoniae_AE017243	gi|3845026|gb|AAC72454.1|	gi|71851538|gb|AAZ44146.1|
OG0000161	Mycoplasma_agalactiae_5632_FP671138	gi|3845026|gb|AAC72454.1|	gi|290752516|emb|CBH40488.1|
OG0000162	Mycoplasma_agalactiae_5632_FP671138	gi|84626154|gb|AAC71497.2|	gi|290752519|emb|CBH40491.1|
OG0000162	Mycoplasma_hyopneumoniae_AE017243	gi|84626154|gb|AAC71497.2|	gi|71851564|gb|AAZ44172.1|
OG0000163	Mycoplasma_agalactiae_5632_FP671138	gi|1045940|gb|AAC71469.1|	gi|290752521|emb|CBH40493.1|
OG0000163	Mycoplasma_hyopneumoniae_AE017243	gi|1045940|gb|AAC71469.1|	gi|144227447|gb|AAZ44150.2|
OG0000164	Mycoplasma_hyopneumoniae_AE017243	gi|3844848|gb|AAC71470.1|	gi|71851541|gb|AAZ44149.1|
OG0000164	Mycoplasma_agalactiae_5632_FP671138	gi|3844848|gb|AAC71470.1|	gi|290752522|emb|CBH40494.1|
OG0000165	Mycoplasma_agalactiae_5632_FP671138	gi|3844849|gb|AAC71471.1|	gi|290752523|emb|CBH40495.1|
OG0000165	Mycoplasma_hyopneumoniae_AE017243	gi|3844849|gb|AAC71471.1|	gi|144227446|gb|AAZ44148.2|
OG0000166	Mycoplasma_agalactiae_5632_FP671138	gi|1045986|gb|AAC71510.1|	gi|290752525|emb|CBH40497.1|
OG0000166	Mycoplasma_hyopneumoniae_AE017243	gi|1045986|gb|AAC71510.1|	gi|71851836|gb|AAZ44444.1|
OG0000167	Mycoplasma_agalactiae_5632_FP671138	gi|1045988|gb|AAC71512.1|	gi|290752527|emb|CBH40499.1|
OG0000167	Mycoplasma_hyopneumoniae_AE017243	gi|1045988|gb|AAC71512.1|	gi|71851838|gb|AAZ44446.1|
OG0000168	Mycoplasma_agalactiae_5632_FP671138	gi|1045748|gb|AAC71290.1|	gi|290752529|emb|CBH40501.1|
OG0000168	Mycoplasma_hyopneumoniae_AE017243	gi|1045748|gb|AAC71290.1|	gi|71851568|gb|AAZ44176.1|
OG0000169	Mycoplasma_agalactiae_5632_FP671138	gi|3844712|gb|AAC71340.1|	gi|290752531|emb|CBH40503.1|
OG0000169	Mycoplasma_hyopneumoniae_AE017243	gi|3844712|gb|AAC71340.1|	gi|144227551|gb|AAZ44366.2|
OG0000170	Mycoplasma_hyopneumoniae_AE017243	gi|3844677|gb|AAC71308.1|	gi|71851770|gb|AAZ44378.1|
OG0000170	Mycoplasma_agalactiae_5632_FP671138	gi|3844677|gb|AAC71308.1|	gi|290752532|emb|CBH40504.1|
OG0000171	Mycoplasma_agalactiae_5632_FP671138	gi|3844679|gb|AAC71310.1|	gi|290752534|emb|CBH40506.1|
OG0000171	Mycoplasma_hyopneumoniae_AE017243	gi|3844679|gb|AAC71310.1|	gi|144227556|gb|AAZ44376.2|
OG0000172	Mycoplasma_agalactiae_5632_FP671138	gi|3844852|gb|AAC71474.1|	gi|290752538|emb|CBH40510.1|
OG0000172	Mycoplasma_hyopneumoniae_AE017243	gi|3844852|gb|AAC71474.1|	gi|144227540|gb|AAZ44349.2|
OG0000185	Mycoplasma_agalactiae_5632_FP671138	gi|1045935|gb|AAC71464.1|	gi|290752580|emb|CBH40552.1|
OG0000185	Mycoplasma_hyopneumoniae_AE017243	gi|1045935|gb|AAC71464.1|	gi|144227619|gb|AAZ44502.2|
OG0000186	Mycoplasma_agalactiae_5632_FP671138	gi|3844702|gb|AAC71331.1|	gi|290752583|emb|CBH40555.1|
OG0000186	Mycoplasma_hyopneumoniae_AE017243	gi|3844702|gb|AAC71331.1|	gi|71851892|gb|AAZ44500.1|
OG0000187	Mycoplasma_agalactiae_5632_FP671138	gi|84626161|gb|AAC71323.2|	gi|290752586|emb|CBH40558.1|
OG0000187	Mycoplasma_hyopneumoniae_AE017243	gi|84626161|gb|AAC71323.2|	gi|144227659|gb|AAZ44571.2|
OG0000188	Mycoplasma_agalactiae_5632_FP671138	gi|3844636|gb|AAC71242.1|	gi|290752589|emb|CBH40561.1|
OG0000188	Mycoplasma_hyopneumoniae_AE017243	gi|3844636|gb|AAC71242.1|	gi|71851903|gb|AAZ44511.1|
OG0000189	Mycoplasma_agalactiae_5632_FP671138	gi|3844857|gb|AAC71484.1|	gi|290752596|emb|CBH40568.1|
OG0000189	Mycoplasma_hyopneumoniae_AE017243	gi|3844857|gb|AAC71484.1|	gi|71852055|gb|AAZ44663.1|
OG0000190	Mycoplasma_agalactiae_5632_FP671138	gi|3844700|gb|AAC71329.1|	gi|290752597|emb|CBH40569.1|
OG0000190	Mycoplasma_hyopneumoniae_AE017243	gi|3844700|gb|AAC71329.1|	gi|71852010|gb|AAZ44618.1|
OG0000191	Mycoplasma_hyopneumoniae_AE017243	gi|3845000|gb|AAC71635.1|	gi|71851725|gb|AAZ44333.1|
OG0000191	Mycoplasma_agalactiae_5632_FP671138	gi|3845000|gb|AAC71635.1|	gi|290752600|emb|CBH40572.1|
OG0000192	Mycoplasma_hyopneumoniae_AE017243	gi|3845045|gb|AAC72471.1|	gi|71852002|gb|AAZ44610.1|
OG0000192	Mycoplasma_agalactiae_5632_FP671138	gi|3845045|gb|AAC72471.1|	gi|290752601|emb|CBH40573.1|
OG0000193	Mycoplasma_hyopneumoniae_AE017243	gi|3844806|gb|AAC71426.1|	gi|144227684|gb|AAZ44624.2|
OG0000193	Mycoplasma_agalactiae_5632_FP671138	gi|3844806|gb|AAC71426.1|	gi|290752603|emb|CBH40575.1|
OG0000194	Mycoplasma_agalactiae_5632_FP671138	gi|3844655|gb|AAC71262.1|	gi|290752604|emb|CBH40576.1|
OG0000194	Mycoplasma_hyopneumoniae_AE017243	gi|3844655|gb|AAC71262.1|	gi|71852111|gb|AAZ44719.1|
OG0000195	Mycoplasma_hyopneumoniae_AE017243	gi|3844720|gb|AAC71347.1|	gi|144227711|gb|AAZ44675.2|
OG0000195	Mycoplasma_agalactiae_5632_FP671138	gi|3844720|gb|AAC71347.1|	gi|290752606|emb|CBH40578.1|
OG0000198	Mycoplasma_agalactiae_5632_FP671138	gi|3844717|gb|AAC71344.1|	gi|290752619|emb|CBH40592.1|
OG0000198	Mycoplasma_hyopneumoniae_AE017243	gi|3844717|gb|AAC71344.1|	gi|144227710|gb|AAZ44674.2|
OG0000199	Mycoplasma_agalactiae_5632_FP671138	gi|3844963|gb|AAC71602.1|	gi|290752620|emb|CBH40593.1|
OG0000199	Mycoplasma_hyopneumoniae_AE017243	gi|3844963|gb|AAC71602.1|	gi|71852065|gb|AAZ44673.1|
OG0000200	Mycoplasma_hyopneumoniae_AE017243	gi|3844997|gb|AAC71633.1|	gi|144227441|gb|AAZ44137.2|
OG0000200	Mycoplasma_agalactiae_5632_FP671138	gi|3844997|gb|AAC71633.1|	gi|290752626|emb|CBH40599.1|
OG0000201	Mycoplasma_agalactiae_5632_FP671138	gi|3844996|gb|AAC71632.1|	gi|290752627|emb|CBH40600.1|
OG0000201	Mycoplasma_hyopneumoniae_AE017243	gi|3844996|gb|AAC71632.1|	gi|71851530|gb|AAZ44138.1|
OG0000202	Mycoplasma_hyopneumoniae_AE017243	gi|3844994|gb|AAC71630.1|	gi|144227443|gb|AAZ44140.2|
OG0000202	Mycoplasma_agalactiae_5632_FP671138	gi|3844994|gb|AAC71630.1|	gi|290752629|emb|CBH40602.1|
OG0000203	Mycoplasma_hyopneumoniae_AE017243	gi|3844993|gb|AAC71629.1|	gi|144227444|gb|AAZ44141.2|
OG0000203	Mycoplasma_agalactiae_5632_FP671138	gi|3844993|gb|AAC71629.1|	gi|290752630|emb|CBH40603.1|
OG0000204	Mycoplasma_hyopneumoniae_AE017243	gi|3844992|gb|AAC71628.1|	gi|71851534|gb|AAZ44142.1|
OG0000204	Mycoplasma_agalactiae_5632_FP671138	gi|3844992|gb|AAC71628.1|	gi|290752631|emb|CBH40604.1|
OG0000205	Mycoplasma_agalactiae_5632_FP671138	gi|3844991|gb|AAC71627.1|	gi|290752632|emb|CBH40605.1|
OG0000205	Mycoplasma_hyopneumoniae_AE017243	gi|3844991|gb|AAC71627.1|	gi|71851535|gb|AAZ44143.1|
OG0000206	Mycoplasma_hyopneumoniae_AE017243	gi|3844843|gb|AAC71460.1|	gi|144227679|gb|AAZ44611.2|
OG0000206	Mycoplasma_agalactiae_5632_FP671138	gi|3844843|gb|AAC71460.1|	gi|290752649|emb|CBH40622.1|
OG0000207	Mycoplasma_hyopneumoniae_AE017243	gi|3844862|gb|AAC71488.1|	gi|71852122|gb|AAZ44730.1|
OG0000207	Mycoplasma_agalactiae_5632_FP671138	gi|3844862|gb|AAC71488.1|	gi|290752650|emb|CBH40623.1|
OG0000208	Mycoplasma_agalactiae_5632_FP671138	gi|3844640|gb|AAC71246.1|	gi|290752652|emb|CBH40625.1|
OG0000208	Mycoplasma_hyopneumoniae_AE017243	gi|3844640|gb|AAC71246.1|	gi|71852005|gb|AAZ44613.1|
OG0000209	Mycoplasma_agalactiae_5632_FP671138	gi|3844827|gb|AAC71445.1|	gi|290752658|emb|CBH40631.1|
OG0000209	Mycoplasma_hyopneumoniae_AE017243	gi|3844827|gb|AAC71445.1|	gi|144227614|gb|AAZ44492.2|
OG0000210	Mycoplasma_agalactiae_5632_FP671138	gi|3844825|gb|AAC71443.1|	gi|290752660|emb|CBH40633.1|
OG0000210	Mycoplasma_hyopneumoniae_AE017243	gi|3844825|gb|AAC71443.1|	gi|71851883|gb|AAZ44491.1|
OG0000211	Mycoplasma_agalactiae_5632_FP671138	gi|84626169|gb|AAC71442.2|	gi|290752661|emb|CBH40634.1|
OG0000211	Mycoplasma_hyopneumoniae_AE017243	gi|84626169|gb|AAC71442.2|	gi|71851882|gb|AAZ44490.1|
OG0000212	Mycoplasma_hyopneumoniae_AE017243	gi|3844900|gb|AAC71545.1|	gi|71852026|gb|AAZ44634.1|
OG0000212	Mycoplasma_agalactiae_5632_FP671138	gi|3844900|gb|AAC71545.1|	gi|290752662|emb|CBH40635.1|
OG0000213	Mycoplasma_hyopneumoniae_AE017243	gi|3844899|gb|AAC71544.1|	gi|71852027|gb|AAZ44635.1|
OG0000213	Mycoplasma_agalactiae_5632_FP671138	gi|3844899|gb|AAC71544.1|	gi|290752663|emb|CBH40636.1|
OG0000214	Mycoplasma_hyopneumoniae_AE017243	gi|1045749|gb|AAC71291.1|	gi|144227741|gb|AAZ44731.2|
OG0000214	Mycoplasma_agalactiae_5632_FP671138	gi|1045749|gb|AAC71291.1|	gi|290752667|emb|CBH40640.1|
OG0000215	Mycoplasma_agalactiae_5632_FP671138	gi|3845011|gb|AAC71645.1|	gi|290752668|emb|CBH40641.1|
OG0000215	Mycoplasma_hyopneumoniae_AE017243	gi|3845011|gb|AAC71645.1|	gi|144227462|gb|AAZ44182.2|
OG0000216	Mycoplasma_agalactiae_5632_FP671138	gi|3844633|gb|AAC71240.1|	gi|290752671|emb|CBH40644.1|
OG0000216	Mycoplasma_hyopneumoniae_AE017243	gi|3844633|gb|AAC71240.1|	gi|71851767|gb|AAZ44375.1|
OG0000217	Mycoplasma_hyopneumoniae_AE017243	gi|3845052|gb|AAC72478.1|	gi|71851737|gb|AAZ44345.1|
OG0000217	Mycoplasma_agalactiae_5632_FP671138	gi|3845052|gb|AAC72478.1|	gi|290752673|emb|CBH40646.1|
OG0000218	Mycoplasma_hyopneumoniae_AE017243	gi|1045978|gb|AAC71504.1|	gi|71852142|gb|AAZ44750.1|
OG0000218	Mycoplasma_agalactiae_5632_FP671138	gi|1045978|gb|AAC71504.1|	gi|290752674|emb|CBH40647.1|
OG0000219	Mycoplasma_hyopneumoniae_AE017243	gi|3844876|gb|AAC71518.1|	gi|144227506|gb|AAZ44289.2|
OG0000219	Mycoplasma_agalactiae_5632_FP671138	gi|3844876|gb|AAC71518.1|	gi|290752678|emb|CBH40651.1|
OG0000220	Mycoplasma_hyopneumoniae_AE017243	gi|3844871|gb|AAC71513.1|	gi|144227505|gb|AAZ44288.2|
OG0000220	Mycoplasma_agalactiae_5632_FP671138	gi|3844871|gb|AAC71513.1|	gi|290752679|emb|CBH40652.1|
OG0000221	Mycoplasma_agalactiae_5632_FP671138	gi|3844874|gb|AAC71516.1|	gi|290752680|emb|CBH40653.1|
OG0000221	Mycoplasma_hyopneumoniae_AE017243	gi|3844874|gb|AAC71516.1|	gi|71851906|gb|AAZ44514.1|
OG0000223	Mycoplasma_agalactiae_5632_FP671138	gi|1045996|gb|AAC71520.1|	gi|290752698|emb|CBH40672.1|
OG0000223	Mycoplasma_hyopneumoniae_AE017243	gi|1045996|gb|AAC71520.1|	gi|71852132|gb|AAZ44740.1|
OG0000224	Mycoplasma_agalactiae_5632_FP671138	gi|3844954|gb|AAC71594.1|	gi|290752699|emb|CBH40673.1|
OG0000224	Mycoplasma_hyopneumoniae_AE017243	gi|3844954|gb|AAC71594.1|	gi|71851889|gb|AAZ44497.1|
OG0000225	Mycoplasma_hyopneumoniae_AE017243	gi|3844648|gb|AAC71254.1|	gi|71851835|gb|AAZ44443.1|
OG0000225	Mycoplasma_agalactiae_5632_FP671138	gi|3844648|gb|AAC71254.1|	gi|290752707|emb|CBH40681.1|
OG0000226	Mycoplasma_agalactiae_5632_FP671138	gi|3844643|gb|AAC71249.1|	gi|290752708|emb|CBH40682.1|
OG0000226	Mycoplasma_hyopneumoniae_AE017243	gi|3844643|gb|AAC71249.1|	gi|71851834|gb|AAZ44442.1|
OG0000227	Mycoplasma_agalactiae_5632_FP671138	gi|3844646|gb|AAC71252.1|	gi|290752709|emb|CBH40683.1|
OG0000227	Mycoplasma_hyopneumoniae_AE017243	gi|3844646|gb|AAC71252.1|	gi|144227528|gb|AAZ44326.2|
OG0000228	Mycoplasma_agalactiae_5632_FP671138	gi|3844645|gb|AAC71251.1|	gi|290752710|emb|CBH40684.1|
OG0000228	Mycoplasma_hyopneumoniae_AE017243	gi|3844645|gb|AAC71251.1|	gi|71851717|gb|AAZ44325.1|
OG0000230	Mycoplasma_agalactiae_5632_FP671138	gi|3845010|gb|AAC71644.1|	gi|290752715|emb|CBH40689.1|
OG0000230	Mycoplasma_hyopneumoniae_AE017243	gi|3845010|gb|AAC71644.1|	gi|71852126|gb|AAZ44734.1|
OG0000231	Mycoplasma_agalactiae_5632_FP671138	gi|3845009|gb|AAC71643.1|	gi|290752716|emb|CBH40690.1|
OG0000231	Mycoplasma_hyopneumoniae_AE017243	gi|3845009|gb|AAC71643.1|	gi|71852125|gb|AAZ44733.1|
OG0000232	Mycoplasma_hyopneumoniae_AE017243	gi|1045747|gb|AAC71289.1|	gi|144227541|gb|AAZ44351.2|
OG0000232	Mycoplasma_agalactiae_5632_FP671138	gi|1045747|gb|AAC71289.1|	gi|290752720|emb|CBH40694.1|
OG0000234	Mycoplasma_hyopneumoniae_AE017243	gi|1045713|gb|AAC71257.1|	gi|71852087|gb|AAZ44695.1|
OG0000234	Mycoplasma_agalactiae_5632_FP671138	gi|1045713|gb|AAC71257.1|	gi|290752751|emb|CBH40726.1|
OG0000235	Mycoplasma_hyopneumoniae_AE017243	gi|3844793|gb|AAC71414.1|	gi|144227475|gb|AAZ44213.2|
OG0000235	Mycoplasma_agalactiae_5632_FP671138	gi|3844793|gb|AAC71414.1|	gi|290752757|emb|CBH40732.1|
OG0000236	Mycoplasma_hyopneumoniae_AE017243	gi|3844794|gb|AAC71415.1|	gi|144227474|gb|AAZ44212.2|
OG0000236	Mycoplasma_agalactiae_5632_FP671138	gi|3844794|gb|AAC71415.1|	gi|290752758|emb|CBH40733.1|
OG0000237	Mycoplasma_hyopneumoniae_AE017243	gi|3844795|gb|AAC71416.1|	gi|71851603|gb|AAZ44211.1|
OG0000237	Mycoplasma_agalactiae_5632_FP671138	gi|3844795|gb|AAC71416.1|	gi|290752759|emb|CBH40734.1|
OG0000238	Mycoplasma_agalactiae_5632_FP671138	gi|3844733|gb|AAC71358.1|	gi|290752760|emb|CBH40735.1|
OG0000238	Mycoplasma_hyopneumoniae_AE017243	gi|3844733|gb|AAC71358.1|	gi|144227712|gb|AAZ44676.2|
OG0000239	Mycoplasma_hyopneumoniae_AE017243	gi|3844728|gb|AAC71355.1|	gi|71851555|gb|AAZ44163.1|
OG0000239	Mycoplasma_agalactiae_5632_FP671138	gi|3844728|gb|AAC71355.1|	gi|290752763|emb|CBH40738.1|
OG0000240	Mycoplasma_agalactiae_5632_FP671138	gi|3844966|gb|AAC71605.1|	gi|290752770|emb|CBH40745.1|
OG0000240	Mycoplasma_hyopneumoniae_AE017243	gi|3844966|gb|AAC71605.1|	gi|71851498|gb|AAZ44106.1|
OG0000241	Mycoplasma_agalactiae_5632_FP671138	gi|3845055|gb|AAC72480.1|	gi|290752772|emb|CBH40747.1|
OG0000241	Mycoplasma_hyopneumoniae_AE017243	gi|3845055|gb|AAC72480.1|	gi|71851616|gb|AAZ44224.1|
OG0000242	Mycoplasma_agalactiae_5632_FP671138	gi|84626166|gb|AAC71278.2|	gi|290752778|emb|CBH40753.1|
OG0000242	Mycoplasma_hyopneumoniae_AE017243	gi|84626166|gb|AAC71278.2|	gi|144227480|gb|AAZ44223.2|
OG0000243	Mycoplasma_hyopneumoniae_AE017243	gi|3844839|gb|AAC71456.1|	gi|71851544|gb|AAZ44152.1|
OG0000243	Mycoplasma_agalactiae_5632_FP671138	gi|3844839|gb|AAC71456.1|	gi|290752780|emb|CBH40755.1|
OG0000244	Mycoplasma_hyopneumoniae_AE017243	gi|3844804|gb|AAC71424.1|	gi|71851548|gb|AAZ44156.1|
OG0000244	Mycoplasma_agalactiae_5632_FP671138	gi|3844804|gb|AAC71424.1|	gi|290752783|emb|CBH40758.1|
OG0000245	Mycoplasma_agalactiae_5632_FP671138	gi|3844783|gb|AAC71405.1|	gi|290752786|emb|CBH40761.1|
OG0000245	Mycoplasma_hyopneumoniae_AE017243	gi|3844783|gb|AAC71405.1|	gi|71851844|gb|AAZ44452.1|
OG0000246	Mycoplasma_hyopneumoniae_AE017243	gi|3844785|gb|AAC71407.1|	gi|144227600|gb|AAZ44454.2|
OG0000246	Mycoplasma_agalactiae_5632_FP671138	gi|3844785|gb|AAC71407.1|	gi|290752788|emb|CBH40763.1|
OG0000247	Mycoplasma_hyopneumoniae_AE017243	gi|84626157|gb|AAC71408.2|	gi|144227601|gb|AAZ44455.2|
OG0000247	Mycoplasma_agalactiae_5632_FP671138	gi|84626157|gb|AAC71408.2|	gi|290752789|emb|CBH40764.1|
OG0000248	Mycoplasma_agalactiae_5632_FP671138	gi|3844973|gb|AAC71611.1|	gi|290752792|emb|CBH40767.1|
OG0000248	Mycoplasma_hyopneumoniae_AE017243	gi|3844973|gb|AAC71611.1|	gi|71851523|gb|AAZ44131.1|
OG0000249	Mycoplasma_hyopneumoniae_AE017243	gi|1045724|gb|AAC71267.1|	gi|71851565|gb|AAZ44173.1|
OG0000249	Mycoplasma_agalactiae_5632_FP671138	gi|1045724|gb|AAC71267.1|	gi|290752795|emb|CBH40770.1|
OG0000250	Mycoplasma_agalactiae_5632_FP671138	gi|1045723|gb|AAC71266.1|	gi|290752796|emb|CBH40771.1|
OG0000250	Mycoplasma_hyopneumoniae_AE017243	gi|1045723|gb|AAC71266.1|	gi|71852006|gb|AAZ44614.1|
OG0000251	Mycoplasma_hyopneumoniae_AE017243	gi|3845024|gb|AAC72452.1|	gi|71851585|gb|AAZ44193.1|
OG0000251	Mycoplasma_agalactiae_5632_FP671138	gi|3845024|gb|AAC72452.1|	gi|290752797|emb|CBH40772.1|
OG0000252	Mycoplasma_hyopneumoniae_AE017243	gi|3844774|gb|AAC71397.1|	gi|71851646|gb|AAZ44254.1|
OG0000252	Mycoplasma_agalactiae_5632_FP671138	gi|3844774|gb|AAC71397.1|	gi|290752803|emb|CBH40778.1|
OG0000253	Mycoplasma_agalactiae_5632_FP671138	gi|3844773|gb|AAC71396.1|	gi|290752804|emb|CBH40779.1|
OG0000253	Mycoplasma_hyopneumoniae_AE017243	gi|3844773|gb|AAC71396.1|	gi|71851647|gb|AAZ44255.1|
OG0000254	Mycoplasma_agalactiae_5632_FP671138	gi|84626153|gb|AAC71395.2|	gi|290752805|emb|CBH40780.1|
OG0000254	Mycoplasma_hyopneumoniae_AE017243	gi|84626153|gb|AAC71395.2|	gi|71851648|gb|AAZ44256.1|
OG0000255	Mycoplasma_hyopneumoniae_AE017243	gi|3844771|gb|AAC71394.1|	gi|71851649|gb|AAZ44257.1|
OG0000255	Mycoplasma_agalactiae_5632_FP671138	gi|3844771|gb|AAC71394.1|	gi|290752806|emb|CBH40781.1|
OG0000256	Mycoplasma_agalactiae_5632_FP671138	gi|3844767|gb|AAC71391.1|	gi|290752807|emb|CBH40782.1|
OG0000256	Mycoplasma_hyopneumoniae_AE017243	gi|3844767|gb|AAC71391.1|	gi|144227496|gb|AAZ44259.2|
OG0000257	Mycoplasma_hyopneumoniae_AE017243	gi|3844766|gb|AAC71390.1|	gi|71851652|gb|AAZ44260.1|
OG0000257	Mycoplasma_agalactiae_5632_FP671138	gi|3844766|gb|AAC71390.1|	gi|290752808|emb|CBH40783.1|
OG0000258	Mycoplasma_hyopneumoniae_AE017243	gi|3844765|gb|AAC71389.1|	gi|71851653|gb|AAZ44261.1|
OG0000258	Mycoplasma_agalactiae_5632_FP671138	gi|3844765|gb|AAC71389.1|	gi|290752809|emb|CBH40784.1|
OG0000259	Mycoplasma_agalactiae_5632_FP671138	gi|3844764|gb|AAC71388.1|	gi|290752810|emb|CBH40785.1|
OG0000259	Mycoplasma_hyopneumoniae_AE017243	gi|3844764|gb|AAC71388.1|	gi|71851654|gb|AAZ44262.1|
OG0000260	Mycoplasma_agalactiae_5632_FP671138	gi|3844763|gb|AAC71387.1|	gi|290752823|emb|CBH40798.1|
OG0000260	Mycoplasma_hyopneumoniae_AE017243	gi|3844763|gb|AAC71387.1|	gi|144227497|gb|AAZ44263.2|
OG0000261	Mycoplasma_hyopneumoniae_AE017243	gi|3844762|gb|AAC71386.1|	gi|71851656|gb|AAZ44264.1|
OG0000261	Mycoplasma_agalactiae_5632_FP671138	gi|3844762|gb|AAC71386.1|	gi|290752824|emb|CBH40799.1|
OG0000262	Mycoplasma_hyopneumoniae_AE017243	gi|3844761|gb|AAC71385.1|	gi|144227498|gb|AAZ44265.2|
OG0000262	Mycoplasma_agalactiae_5632_FP671138	gi|3844761|gb|AAC71385.1|	gi|290752825|emb|CBH40800.1|
OG0000263	Mycoplasma_agalactiae_5632_FP671138	gi|3844760|gb|AAC71384.1|	gi|290752826|emb|CBH40801.1|
OG0000263	Mycoplasma_hyopneumoniae_AE017243	gi|3844760|gb|AAC71384.1|	gi|71851658|gb|AAZ44266.1|
OG0000264	Mycoplasma_agalactiae_5632_FP671138	gi|3844759|gb|AAC71383.1|	gi|290752827|emb|CBH40802.1|
OG0000264	Mycoplasma_hyopneumoniae_AE017243	gi|3844759|gb|AAC71383.1|	gi|71851659|gb|AAZ44267.1|
OG0000265	Mycoplasma_agalactiae_5632_FP671138	gi|3844758|gb|AAC71382.1|	gi|290752828|emb|CBH40803.1|
OG0000265	Mycoplasma_hyopneumoniae_AE017243	gi|3844758|gb|AAC71382.1|	gi|71851660|gb|AAZ44268.1|
OG0000266	Mycoplasma_hyopneumoniae_AE017243	gi|3844757|gb|AAC71381.1|	gi|144227499|gb|AAZ44269.2|
OG0000266	Mycoplasma_agalactiae_5632_FP671138	gi|3844757|gb|AAC71381.1|	gi|290752829|emb|CBH40804.1|
OG0000267	Mycoplasma_hyopneumoniae_AE017243	gi|3844756|gb|AAC71380.1|	gi|71851662|gb|AAZ44270.1|
OG0000267	Mycoplasma_agalactiae_5632_FP671138	gi|3844756|gb|AAC71380.1|	gi|290752830|emb|CBH40805.1|
OG0000268	Mycoplasma_hyopneumoniae_AE017243	gi|3844755|gb|AAC71379.1|	gi|71851663|gb|AAZ44271.1|
OG0000268	Mycoplasma_agalactiae_5632_FP671138	gi|3844755|gb|AAC71379.1|	gi|290752831|emb|CBH40806.1|
OG0000269	Mycoplasma_agalactiae_5632_FP671138	gi|3844754|gb|AAC71378.1|	gi|290752832|emb|CBH40807.1|
OG0000269	Mycoplasma_hyopneumoniae_AE017243	gi|3844754|gb|AAC71378.1|	gi|144227500|gb|AAZ44272.2|
OG0000270	Mycoplasma_hyopneumoniae_AE017243	gi|3844753|gb|AAC71377.1|	gi|144227501|gb|AAZ44273.2|
OG0000270	Mycoplasma_agalactiae_5632_FP671138	gi|3844753|gb|AAC71377.1|	gi|290752833|emb|CBH40808.1|
OG0000271	Mycoplasma_agalactiae_5632_FP671138	gi|3844752|gb|AAC71376.1|	gi|290752834|emb|CBH40809.1|
OG0000271	Mycoplasma_hyopneumoniae_AE017243	gi|3844752|gb|AAC71376.1|	gi|71851666|gb|AAZ44274.1|
OG0000272	Mycoplasma_agalactiae_5632_FP671138	gi|3844751|gb|AAC71375.1|	gi|290752835|emb|CBH40810.1|
OG0000272	Mycoplasma_hyopneumoniae_AE017243	gi|3844751|gb|AAC71375.1|	gi|144227502|gb|AAZ44275.2|
OG0000273	Mycoplasma_hyopneumoniae_AE017243	gi|3844750|gb|AAC71374.1|	gi|144227503|gb|AAZ44276.2|
OG0000273	Mycoplasma_agalactiae_5632_FP671138	gi|3844750|gb|AAC71374.1|	gi|290752836|emb|CBH40811.1|
OG0000274	Mycoplasma_agalactiae_5632_FP671138	gi|3844749|gb|AAC71373.1|	gi|290752837|emb|CBH40812.1|
OG0000274	Mycoplasma_hyopneumoniae_AE017243	gi|3844749|gb|AAC71373.1|	gi|71851669|gb|AAZ44277.1|
OG0000275	Mycoplasma_hyopneumoniae_AE017243	gi|3844748|gb|AAC71372.1|	gi|71851670|gb|AAZ44278.1|
OG0000275	Mycoplasma_agalactiae_5632_FP671138	gi|3844748|gb|AAC71372.1|	gi|290752838|emb|CBH40813.1|
OG0000276	Mycoplasma_hyopneumoniae_AE017243	gi|3844747|gb|AAC71371.1|	gi|71851671|gb|AAZ44279.1|
OG0000276	Mycoplasma_agalactiae_5632_FP671138	gi|3844747|gb|AAC71371.1|	gi|290752839|emb|CBH40814.1|
OG0000277	Mycoplasma_hyopneumoniae_AE017243	gi|3844746|gb|AAC71370.1|	gi|144227504|gb|AAZ44280.2|
OG0000277	Mycoplasma_agalactiae_5632_FP671138	gi|3844746|gb|AAC71370.1|	gi|290752840|emb|CBH40815.1|
OG0000278	Mycoplasma_agalactiae_5632_FP671138	gi|3844745|gb|AAC71369.1|	gi|290752841|emb|CBH40816.1|
OG0000278	Mycoplasma_hyopneumoniae_AE017243	gi|3844745|gb|AAC71369.1|	gi|71851673|gb|AAZ44281.1|
OG0000279	Mycoplasma_agalactiae_5632_FP671138	gi|3844744|gb|AAC71368.1|	gi|290752842|emb|CBH40817.1|
OG0000279	Mycoplasma_hyopneumoniae_AE017243	gi|3844744|gb|AAC71368.1|	gi|71851674|gb|AAZ44282.1|
OG0000280	Mycoplasma_agalactiae_5632_FP671138	gi|3844936|gb|AAC71577.1|	gi|290752844|emb|CBH40819.1|
OG0000280	Mycoplasma_hyopneumoniae_AE017243	gi|3844936|gb|AAC71577.1|	gi|71851536|gb|AAZ44144.1|
OG0000281	Mycoplasma_agalactiae_5632_FP671138	gi|3844921|gb|AAC71564.1|	gi|290752845|emb|CBH40820.1|
OG0000281	Mycoplasma_hyopneumoniae_AE017243	gi|3844921|gb|AAC71564.1|	gi|144227436|gb|AAZ44129.2|
OG0000282	Mycoplasma_agalactiae_5632_FP671138	gi|1045937|gb|AAC71466.1|	gi|290752846|emb|CBH40821.1|
OG0000282	Mycoplasma_hyopneumoniae_AE017243	gi|1045937|gb|AAC71466.1|	gi|144227638|gb|AAZ44533.2|
OG0000283	Mycoplasma_agalactiae_5632_FP671138	gi|3844838|gb|AAC71455.1|	gi|290752849|emb|CBH40824.1|
OG0000283	Mycoplasma_hyopneumoniae_AE017243	gi|3844838|gb|AAC71455.1|	gi|71851612|gb|AAZ44220.1|
OG0000284	Mycoplasma_hyopneumoniae_AE017243	gi|3844836|gb|AAC71453.1|	gi|71851611|gb|AAZ44219.1|
OG0000284	Mycoplasma_agalactiae_5632_FP671138	gi|3844836|gb|AAC71453.1|	gi|290752850|emb|CBH40825.1|
OG0000285	Mycoplasma_hyopneumoniae_AE017243	gi|3844798|gb|AAC71419.1|	gi|144227423|gb|AAZ44105.2|
OG0000285	Mycoplasma_agalactiae_5632_FP671138	gi|3844798|gb|AAC71419.1|	gi|290752853|emb|CBH40828.1|
OG0000286	Mycoplasma_hyopneumoniae_AE017243	gi|3844803|gb|AAC71423.1|	gi|71851496|gb|AAZ44104.1|
OG0000286	Mycoplasma_agalactiae_5632_FP671138	gi|3844803|gb|AAC71423.1|	gi|290752854|emb|CBH40829.1|
OG0000287	Mycoplasma_agalactiae_5632_FP671138	gi|1045949|gb|AAC71477.1|	gi|290752855|emb|CBH40830.1|
OG0000287	Mycoplasma_hyopneumoniae_AE017243	gi|1045949|gb|AAC71477.1|	gi|71851931|gb|AAZ44539.1|
OG0000288	Mycoplasma_hyopneumoniae_AE017243	gi|1046011|gb|AAC71533.1|	gi|71852053|gb|AAZ44661.1|
OG0000288	Mycoplasma_agalactiae_5632_FP671138	gi|1046011|gb|AAC71533.1|	gi|290752856|emb|CBH40831.1|
OG0000290	Mycoplasma_agalactiae_5632_FP671138	gi|3845057|gb|AAC72482.1|	gi|290752872|emb|CBH40847.1|
OG0000290	Mycoplasma_hyopneumoniae_AE017243	gi|3845057|gb|AAC72482.1|	gi|144227483|gb|AAZ44228.2|
OG0000291	Mycoplasma_hyopneumoniae_AE017243	gi|3844656|gb|AAC71263.1|	gi|144227639|gb|AAZ44534.2|
OG0000291	Mycoplasma_agalactiae_5632_FP671138	gi|3844656|gb|AAC71263.1|	gi|290752874|emb|CBH40849.1|
OG0000292	Mycoplasma_hyopneumoniae_AE017243	gi|1045721|gb|AAC71264.1|	gi|71851539|gb|AAZ44147.1|
OG0000292	Mycoplasma_agalactiae_5632_FP671138	gi|1045721|gb|AAC71264.1|	gi|290752876|emb|CBH40851.1|
OG0000293	Mycoplasma_agalactiae_5632_FP671138	gi|84626125|gb|AAC71522.2|	gi|290752880|emb|CBH40855.1|
OG0000293	Mycoplasma_hyopneumoniae_AE017243	gi|84626125|gb|AAC71522.2|	gi|71851965|gb|AAZ44573.1|
OG0000294	Mycoplasma_agalactiae_5632_FP671138	gi|3844676|gb|AAC71307.1|	gi|290752887|emb|CBH40862.1|
OG0000294	Mycoplasma_hyopneumoniae_AE017243	gi|3844676|gb|AAC71307.1|	gi|144227452|gb|AAZ44165.2|
OG0000295	Mycoplasma_hyopneumoniae_AE017243	gi|3844675|gb|AAC71306.1|	gi|71851558|gb|AAZ44166.1|
OG0000295	Mycoplasma_agalactiae_5632_FP671138	gi|3844675|gb|AAC71306.1|	gi|290752888|emb|CBH40863.1|
OG0000296	Mycoplasma_hyopneumoniae_AE017243	gi|3844674|gb|AAC71305.1|	gi|71851559|gb|AAZ44167.1|
OG0000296	Mycoplasma_agalactiae_5632_FP671138	gi|3844674|gb|AAC71305.1|	gi|290752889|emb|CBH40864.1|
OG0000297	Mycoplasma_hyopneumoniae_AE017243	gi|3844916|gb|AAC71560.1|	gi|144227714|gb|AAZ44678.2|
OG0000297	Mycoplasma_agalactiae_5632_FP671138	gi|3844916|gb|AAC71560.1|	gi|290752908|emb|CBH40883.1|
OG0000298	Mycoplasma_agalactiae_5632_FP671138	gi|84626139|gb|AAC71565.2|	gi|290752912|emb|CBH40887.1|
OG0000298	Mycoplasma_hyopneumoniae_AE017243	gi|84626139|gb|AAC71565.2|	gi|71852093|gb|AAZ44701.1|
OG0000299	Mycoplasma_agalactiae_5632_FP671138	gi|3844923|gb|AAC71566.1|	gi|290752913|emb|CBH40888.1|
OG0000299	Mycoplasma_hyopneumoniae_AE017243	gi|3844923|gb|AAC71566.1|	gi|71852094|gb|AAZ44702.1|
OG0000300	Mycoplasma_agalactiae_5632_FP671138	gi|3844948|gb|AAC71588.1|	gi|290752942|emb|CBH40917.1|
OG0000300	Mycoplasma_hyopneumoniae_AE017243	gi|3844948|gb|AAC71588.1|	gi|71852095|gb|AAZ44703.1|
OG0000301	Mycoplasma_hyopneumoniae_AE017243	gi|3844726|gb|AAC71353.1|	gi|144227509|gb|AAZ44294.2|
OG0000301	Mycoplasma_agalactiae_5632_FP671138	gi|3844726|gb|AAC71353.1|	gi|290752945|emb|CBH40920.1|
OG0000302	Mycoplasma_hyopneumoniae_AE017243	gi|3844961|gb|AAC71600.1|	gi|71851626|gb|AAZ44234.1|
OG0000302	Mycoplasma_agalactiae_5632_FP671138	gi|3844961|gb|AAC71600.1|	gi|290752946|emb|CBH40921.1|
OG0000303	Mycoplasma_hyopneumoniae_AE017243	gi|3844939|gb|AAC71580.1|	gi|144227469|gb|AAZ44192.2|
OG0000303	Mycoplasma_agalactiae_5632_FP671138	gi|3844939|gb|AAC71580.1|	gi|290752948|emb|CBH40923.1|
OG0000304	Mycoplasma_agalactiae_5632_FP671138	gi|84626142|gb|AAC72466.2|	gi|290752949|emb|CBH40924.1|
OG0000304	Mycoplasma_hyopneumoniae_AE017243	gi|84626142|gb|AAC72466.2|	gi|71851761|gb|AAZ44369.1|
OG0000305	Mycoplasma_agalactiae_5632_FP671138	gi|3845038|gb|AAC72465.1|	gi|290752950|emb|CBH40925.1|
OG0000305	Mycoplasma_hyopneumoniae_AE017243	gi|3845038|gb|AAC72465.1|	gi|71851760|gb|AAZ44368.1|
OG0000306	Mycoplasma_hyopneumoniae_AE017243	gi|3845037|gb|AAC72464.1|	gi|71851759|gb|AAZ44367.1|
OG0000306	Mycoplasma_agalactiae_5632_FP671138	gi|3845037|gb|AAC72464.1|	gi|290752951|emb|CBH40926.1|
OG0000307	Mycoplasma_hyopneumoniae_AE017243	gi|3845022|gb|AAC72450.1|	gi|71851947|gb|AAZ44555.1|
OG0000307	Mycoplasma_agalactiae_5632_FP671138	gi|3845022|gb|AAC72450.1|	gi|290752954|emb|CBH40929.1|
OG0000308	Mycoplasma_hyopneumoniae_AE017243	gi|3844912|gb|AAC71556.1|	gi|71851949|gb|AAZ44557.1|
OG0000308	Mycoplasma_agalactiae_5632_FP671138	gi|3844912|gb|AAC71556.1|	gi|290752982|emb|CBH40958.1|
OG0000309	Mycoplasma_agalactiae_5632_FP671138	gi|3844972|gb|AAC71610.1|	gi|290752983|emb|CBH40959.1|
OG0000309	Mycoplasma_hyopneumoniae_AE017243	gi|3844972|gb|AAC71610.1|	gi|71851948|gb|AAZ44556.1|
OG0000310	Mycoplasma_hyopneumoniae_AE017243	gi|3844860|gb|AAC71486.1|	gi|71851826|gb|AAZ44434.1|
OG0000310	Mycoplasma_agalactiae_5632_FP671138	gi|3844860|gb|AAC71486.1|	gi|290752989|emb|CBH40965.1|
OG0000311	Mycoplasma_agalactiae_5632_FP671138	gi|3844930|gb|AAC71572.1|	gi|290753000|emb|CBH40976.1|
OG0000311	Mycoplasma_hyopneumoniae_AE017243	gi|3844930|gb|AAC71572.1|	gi|71851940|gb|AAZ44548.1|
OG0000312	Mycoplasma_hyopneumoniae_AE017243	gi|1045730|gb|AAC71273.1|	gi|144227539|gb|AAZ44344.2|
OG0000312	Mycoplasma_agalactiae_5632_FP671138	gi|1045730|gb|AAC71273.1|	gi|290753005|emb|CBH40981.1|
OG0000313	Mycoplasma_hyopneumoniae_AE017243	gi|1045674|gb|AAC71222.1|	gi|144227537|gb|AAZ44342.2|
OG0000313	Mycoplasma_agalactiae_5632_FP671138	gi|1045674|gb|AAC71222.1|	gi|290753007|emb|CBH40983.1|
OG0000314	Mycoplasma_agalactiae_5632_FP671138	gi|84626143|gb|AAC72451.2|	gi|290753012|emb|CBH40988.1|
OG0000314	Mycoplasma_hyopneumoniae_AE017243	gi|84626143|gb|AAC72451.2|	gi|71852071|gb|AAZ44679.1|
OG0000315	Mycoplasma_agalactiae_5632_FP671138	gi|3844703|gb|AAC71332.1|	gi|290753016|emb|CBH40992.1|
OG0000315	Mycoplasma_hyopneumoniae_AE017243	gi|3844703|gb|AAC71332.1|	gi|144227550|gb|AAZ44364.2|
OG0000316	Mycoplasma_agalactiae_5632_FP671138	gi|84626148|gb|AAC72458.2|	gi|290753017|emb|CBH40993.1|
OG0000316	Mycoplasma_hyopneumoniae_AE017243	gi|84626148|gb|AAC72458.2|	gi|71852012|gb|AAZ44620.1|
OG0000317	Mycoplasma_agalactiae_5632_FP671138	gi|1045971|gb|AAC71498.1|	gi|290753020|emb|CBH40996.1|
OG0000317	Mycoplasma_hyopneumoniae_AE017243	gi|1045971|gb|AAC71498.1|	gi|144227471|gb|AAZ44202.2|
OG0000318	Mycoplasma_agalactiae_5632_FP671138	gi|3844735|gb|AAC71360.1|	gi|290753021|emb|CBH40997.1|
OG0000318	Mycoplasma_hyopneumoniae_AE017243	gi|3844735|gb|AAC71360.1|	gi|71852061|gb|AAZ44669.1|
OG0000319	Mycoplasma_hyopneumoniae_AE017243	gi|3844734|gb|AAC71359.1|	gi|144227706|gb|AAZ44670.2|
OG0000319	Mycoplasma_agalactiae_5632_FP671138	gi|3844734|gb|AAC71359.1|	gi|290753023|emb|CBH40999.1|
OG0000320	Mycoplasma_hyopneumoniae_AE017243	gi|3844644|gb|AAC71250.1|	gi|71852086|gb|AAZ44694.1|
OG0000320	Mycoplasma_agalactiae_5632_FP671138	gi|3844644|gb|AAC71250.1|	gi|290753025|emb|CBH41001.1|
OG0000321	Mycoplasma_agalactiae_5632_FP671138	gi|3844982|gb|AAC71619.1|	gi|290753026|emb|CBH41002.1|
OG0000321	Mycoplasma_hyopneumoniae_AE017243	gi|3844982|gb|AAC71619.1|	gi|144227646|gb|AAZ44547.2|
OG0000322	Mycoplasma_agalactiae_5632_FP671138	gi|3844686|gb|AAC71316.1|	gi|290753027|emb|CBH41003.1|
OG0000322	Mycoplasma_hyopneumoniae_AE017243	gi|3844686|gb|AAC71316.1|	gi|71852144|gb|AAZ44752.1|
OG0000323	Mycoplasma_hyopneumoniae_AE017243	gi|3844953|gb|AAC71593.1|	gi|144227621|gb|AAZ44506.2|
OG0000323	Mycoplasma_agalactiae_5632_FP671138	gi|3844953|gb|AAC71593.1|	gi|290753051|emb|CBH41027.1|
OG0000324	Mycoplasma_hyopneumoniae_AE017243	gi|3844688|gb|AAC71318.1|	gi|71851511|gb|AAZ44119.1|
OG0000324	Mycoplasma_agalactiae_5632_FP671138	gi|3844688|gb|AAC71318.1|	gi|290753053|emb|CBH41029.1|
OG0000325	Mycoplasma_agalactiae_5632_FP671138	gi|3844687|gb|AAC71317.1|	gi|290753054|emb|CBH41030.1|
OG0000325	Mycoplasma_hyopneumoniae_AE017243	gi|3844687|gb|AAC71317.1|	gi|144227429|gb|AAZ44118.2|
OG0000326	Mycoplasma_agalactiae_5632_FP671138	gi|3844814|gb|AAC71433.1|	gi|290753057|emb|CBH41033.1|
OG0000326	Mycoplasma_hyopneumoniae_AE017243	gi|3844814|gb|AAC71433.1|	gi|144227735|gb|AAZ44717.2|
OG0000327	Mycoplasma_agalactiae_5632_FP671138	gi|3844812|gb|AAC71431.1|	gi|290753059|emb|CBH41035.1|
OG0000327	Mycoplasma_hyopneumoniae_AE017243	gi|3844812|gb|AAC71431.1|	gi|71852107|gb|AAZ44715.1|
OG0000328	Mycoplasma_hyopneumoniae_AE017243	gi|3844910|gb|AAC71554.1|	gi|71851551|gb|AAZ44159.1|
OG0000328	Mycoplasma_agalactiae_5632_FP671138	gi|3844910|gb|AAC71554.1|	gi|290753062|emb|CBH41038.1|
OG0000329	Mycoplasma_agalactiae_5632_FP671138	gi|3844736|gb|AAC71361.1|	gi|290753067|emb|CBH41043.1|
OG0000329	Mycoplasma_hyopneumoniae_AE017243	gi|3844736|gb|AAC71361.1|	gi|71852060|gb|AAZ44668.1|
OG0000330	Mycoplasma_agalactiae_5632_FP671138	gi|84626163|gb|AAC72475.2|	gi|290753068|emb|CBH41044.1|
OG0000330	Mycoplasma_hyopneumoniae_AE017243	gi|84626163|gb|AAC72475.2|	gi|71851545|gb|AAZ44153.1|
OG0000331	Mycoplasma_hyopneumoniae_AE017243	gi|1045950|gb|AAC71478.1|	gi|71851618|gb|AAZ44226.1|
OG0000331	Mycoplasma_agalactiae_5632_FP671138	gi|1045950|gb|AAC71478.1|	gi|290753073|emb|CBH41049.1|
OG0000332	Mycoplasma_hyopneumoniae_AE017243	gi|3844715|gb|AAC71342.1|	gi|71851860|gb|AAZ44468.1|
OG0000332	Mycoplasma_agalactiae_5632_FP671138	gi|3844715|gb|AAC71342.1|	gi|290753076|emb|CBH41052.1|
OG0000333	Mycoplasma_hyopneumoniae_AE017243	gi|1045733|gb|AAC71276.1|	gi|71851744|gb|AAZ44352.1|
OG0000333	Mycoplasma_agalactiae_5632_FP671138	gi|1045733|gb|AAC71276.1|	gi|290753077|emb|CBH41053.1|
OG0000334	Mycoplasma_agalactiae_5632_FP671138	gi|3845051|gb|AAC72477.1|	gi|290753083|emb|CBH41059.1|
OG0000334	Mycoplasma_hyopneumoniae_AE017243	gi|3845051|gb|AAC72477.1|	gi|144227508|gb|AAZ44293.2|
OG0000335	Mycoplasma_agalactiae_5632_FP671138	gi|3844671|gb|AAC71302.1|	gi|290753084|emb|CBH41060.1|
OG0000335	Mycoplasma_hyopneumoniae_AE017243	gi|3844671|gb|AAC71302.1|	gi|144227507|gb|AAZ44292.2|
OG0000336	Mycoplasma_agalactiae_5632_FP671138	gi|3844670|gb|AAC71301.1|	gi|290753085|emb|CBH41061.1|
OG0000336	Mycoplasma_hyopneumoniae_AE017243	gi|3844670|gb|AAC71301.1|	gi|71851683|gb|AAZ44291.1|
OG0000337	Mycoplasma_hyopneumoniae_AE017243	gi|3844828|gb|AAC71446.1|, gi|84626145|gb|AAC71447.2|	gi|71851563|gb|AAZ44171.1|
OG0000338	Mycoplasma_hyopneumoniae_AE017243	gi|3844872|gb|AAC71514.1|, gi|3844974|gb|AAC71612.1|	gi|71851778|gb|AAZ44386.1|
OG0000371	Mycoplasma_agalactiae_5632_FP671138	gi|3844629|gb|AAC71236.1|	gi|290752336|emb|CBH40307.1|
OG0000372	Mycoplasma_agalactiae_5632_FP671138	gi|3844919|gb|AAC71562.1|	gi|290752338|emb|CBH40309.1|
OG0000377	Mycoplasma_agalactiae_5632_FP671138	gi|3844672|gb|AAC71303.1|	gi|290752356|emb|CBH40327.1|
OG0000381	Mycoplasma_agalactiae_5632_FP671138	gi|3844960|gb|AAC71599.1|	gi|290752397|emb|CBH40368.1|
OG0000382	Mycoplasma_agalactiae_5632_FP671138	gi|84626149|gb|AAC71229.2|	gi|290752402|emb|CBH40373.1|
OG0000386	Mycoplasma_agalactiae_5632_FP671138	gi|3845040|gb|AAC72467.1|	gi|290752435|emb|CBH40406.1|
OG0000388	Mycoplasma_agalactiae_5632_FP671138	gi|84626150|gb|AAC71324.2|	gi|290752438|emb|CBH40409.1|
OG0000395	Mycoplasma_agalactiae_5632_FP671138	gi|3844697|gb|AAC71326.1|	gi|290752468|emb|CBH40440.1|
OG0000396	Mycoplasma_agalactiae_5632_FP671138	gi|84626164|gb|AAC71327.2|	gi|290752469|emb|CBH40441.1|
OG0000416	Mycoplasma_agalactiae_5632_FP671138	gi|3844906|gb|AAC71550.1|	gi|290752578|emb|CBH40550.1|
OG0000422	Mycoplasma_agalactiae_5632_FP671138	gi|1045938|gb|AAC71467.1|	gi|290752648|emb|CBH40621.1|
OG0000430	Mycoplasma_agalactiae_5632_FP671138	gi|3844955|gb|AAC71595.1|	gi|290752700|emb|CBH40674.1|
OG0000431	Mycoplasma_agalactiae_5632_FP671138	gi|3844956|gb|AAC71596.1|	gi|290752701|emb|CBH40675.1|
OG0000434	Mycoplasma_agalactiae_5632_FP671138	gi|3845047|gb|AAC72473.1|	gi|290752718|emb|CBH40692.1|
OG0000436	Mycoplasma_agalactiae_5632_FP671138	gi|1045726|gb|AAC71269.1|	gi|290752747|emb|CBH40722.1|
OG0000444	Mycoplasma_agalactiae_5632_FP671138	gi|1045936|gb|AAC71465.1|	gi|290752869|emb|CBH40844.1|
OG0000450	Mycoplasma_agalactiae_5632_FP671138	gi|3844952|gb|AAC71592.1|	gi|290752952|emb|CBH40927.1|
OG0000471	Mycoplasma_agalactiae_5632_FP671138	gi|3844819|gb|AAC71438.1|	gi|290753060|emb|CBH41036.1|
OG0000474	Mycoplasma_hyopneumoniae_AE017243	gi|3844649|gb|AAC71255.1|	gi|144227708|gb|AAZ44672.2|
OG0000475	Mycoplasma_hyopneumoniae_AE017243	gi|1045736|gb|AAC71279.1|	gi|71851967|gb|AAZ44575.1|
OG0000476	Mycoplasma_hyopneumoniae_AE017243	gi|1045745|gb|AAC71287.1|	gi|144227705|gb|AAZ44659.2|
OG0000477	Mycoplasma_hyopneumoniae_AE017243	gi|84626138|gb|ABC59632.1|	gi|144227434|gb|ABO93469.1|
OG0000478	Mycoplasma_hyopneumoniae_AE017243	gi|3844705|gb|AAC71333.1|	gi|71851627|gb|AAZ44235.1|
OG0000480	Mycoplasma_hyopneumoniae_AE017243	gi|3844724|gb|AAC71351.1|	gi|144227536|gb|AAZ44340.2|
OG0000481	Mycoplasma_hyopneumoniae_AE017243	gi|3844770|gb|AAC71393.1|	gi|71851650|gb|AAZ44258.1|
OG0000483	Mycoplasma_hyopneumoniae_AE017243	gi|3844815|gb|AAC71434.1|	gi|71851591|gb|AAZ44199.1|
OG0000484	Mycoplasma_hyopneumoniae_AE017243	gi|3844832|gb|AAC71450.1|	gi|144227519|gb|AAZ44308.2|
OG0000485	Mycoplasma_hyopneumoniae_AE017243	gi|3844833|gb|AAC71451.1|	gi|71851699|gb|AAZ44307.1|
OG0000486	Mycoplasma_hyopneumoniae_AE017243	gi|3844834|gb|AAC71452.1|	gi|144227518|gb|AAZ44306.2|
OG0000488	Mycoplasma_hyopneumoniae_AE017243	gi|3844873|gb|AAC71515.1|	gi|71851777|gb|AAZ44385.1|
OG0000491	Mycoplasma_hyopneumoniae_AE017243	gi|3844893|gb|AAC71538.1|	gi|144227595|gb|AAZ44448.2|
